"body_region","carapace_color","variable","statistic","p","distribution"
"Carapace","Dark","s",0.870945855997649,8.60007522757256e-08,"non-normal"
"Claw","Dark","s",0.978214242432096,0.0963980040089706,"normal"
"Carapace","Real","s",0.976006716440033,0.872894311743085,"normal"
"Claw","Real","s",0.968915250558472,0.731819290405677,"normal"
"Carapace","Dark","m",0.893761340321286,8.09453377513315e-07,"non-normal"
"Claw","Dark","m",0.982685738037814,0.213966218689705,"normal"
"Carapace","Real","m",0.955547687111136,0.459157351899419,"normal"
"Claw","Real","m",0.975748643458309,0.868348570698403,"normal"
