"body_region","carapace_color","variable","statistic","p","distribution"
"Carapace","Dark","s",0.87105240471967,8.68563330391185e-08,"non-normal"
"Claw","Dark","s",0.978321509882325,0.0982820638838319,"normal"
"Carapace","Real","s",0.975997505199293,0.872733136504658,"normal"
"Claw","Real","s",0.968944320698902,0.732440279501112,"normal"
"Carapace","Dark","m",0.893774831532523,8.10591325982487e-07,"non-normal"
"Claw","Dark","m",0.982916866689705,0.222754929475464,"normal"
"Carapace","Real","m",0.955541912986249,0.45905347255972,"normal"
"Claw","Real","m",0.975730226725621,0.868021816993148,"normal"
